[
        {
            "country": "United States",
            "name": "NBC (KPNX) Phoenix, AZ",
            "tvgid": "NBC.(KPNX).Phoenix,.AZ.us"
        },
        {
            "country": "United States",
            "name": "MNT (KFDX-TV2) Wichita Falls, TX",
            "tvgid": "MNT.(KFDX-TV2).Wichita.Falls,.TX.us"
        },
        {
            "country": "United States",
            "name": "NBC (WSAV) Savannah, GA",
            "tvgid": "NBC.(WSAV).Savannah,.GA.us"
        },
        {
            "country": "United States",
            "name": "PBS (KYNE) Omaha, NE",
            "tvgid": "PBS.(KYNE).Omaha,.NE.us"
        },
        {
            "country": "United States",
            "name": "CBS (WCCO) Minneapolis, MN",
            "tvgid": "CBS.(WCCO).Minneapolis,.MN.us"
        },
        {
            "country": "United States",
            "name": "CBS (WLFI) Lafayette, IN",
            "tvgid": "CBS.(WLFI).Lafayette,.IN.us"
        },
        {
            "country": "United States",
            "name": "ONTV4U (KBTV-CA2) Sacramento, CA",
            "tvgid": "ONTV4U.(KBTV-CA2).Sacramento,.CA.us"
        },
        {
            "country": "United States",
            "name": "KQSL-DT Fort Bragg, CA",
            "tvgid": "KQSL-DT.Fort.Bragg,.CA.us"
        },
        {
            "country": "United States",
            "name": "PBS Encore (WKSO) Somerset, KY",
            "tvgid": "PBS.Encore.(WKSO).Somerset,.KY.us"
        },
        {
            "country": "United States",
            "name": "FOX (W40AN-D) Escanaba, MI",
            "tvgid": "FOX.(W40AN-D).Escanaba,.MI.us"
        },
        {
            "country": "United States",
            "name": "KRSU-TV Claremore, OK HD",
            "tvgid": "KRSU-TV.Claremore,.OK.HD.us"
        },
        {
            "country": "United States",
            "name": "PBS (K18IZ-D) Grandfield, OK",
            "tvgid": "PBS.(K18IZ-D).Grandfield,.OK.us"
        },
        {
            "country": "United States",
            "name": "Azteca (KHDF-CD) Las Vegas, NV",
            "tvgid": "Azteca.(KHDF-CD).Las.Vegas,.NV.us"
        },
        {
            "country": "United States",
            "name": "SSTN (WBNA-DT6) Louisville, KY",
            "tvgid": "SSTN.(WBNA-DT6).Louisville,.KY.us"
        },
        {
            "country": "United States",
            "name": "CW (KASN) Little Rock, AR",
            "tvgid": "CW.(KASN).Little.Rock,.AR.us"
        },
        {
            "country": "United States",
            "name": "CW (WBNG-DT2) Binghamton, NY",
            "tvgid": "CW.(WBNG-DT2).Binghamton,.NY.us"
        },
        {
            "country": "United States",
            "name": "MNT (KECA-DT2) Eureka, CA",
            "tvgid": "MNT.(KECA-DT2).Eureka,.CA.us"
        },
        {
            "country": "United States",
            "name": "LX Network (KNTV-DT5) San Francisco, CA",
            "tvgid": "LX.Network.(KNTV-DT5).San.Francisco,.CA.us"
        },
        {
            "country": "United States",
            "name": "Action (K38IZ-D5) Phoenix, AZ",
            "tvgid": "Action.(K38IZ-D5).Phoenix,.AZ.us"
        },
        {
            "country": "United States",
            "name": "FNX (KVCR-DT2) San Bernardino, CA",
            "tvgid": "FNX.(KVCR-DT2).San.Bernardino,.CA.us"
        },
        {
            "country": "United States",
            "name": "Heartland (KWHY-DT2) Los Angeles, CA",
            "tvgid": "Heartland.(KWHY-DT2).Los.Angeles,.CA.us"
        },
        {
            "country": "United States",
            "name": "My Network TV (WOMS-CD) Muskegon, MI",
            "tvgid": "My.Network.TV.(WOMS-CD).Muskegon,.MI.us"
        },
        {
            "country": "United States",
            "name": "UniMás (KFPH-CD) Flagstaff, AZ",
            "tvgid": "UniMás.(KFPH-CD).Flagstaff,.AZ.us"
        },
        {
            "country": "United States",
            "name": "CTN LifeStyle (KQCK-DT2) Cheyenne, WY",
            "tvgid": "CTN.LifeStyle.(KQCK-DT2).Cheyenne,.WY.us"
        },
        {
            "country": "United States",
            "name": "WBPH Philadelphia, PA",
            "tvgid": "WBPH.Philadelphia,.PA.us"
        },
        {
            "country": "United States",
            "name": "PBS (WLPB) Baton Rouge, LA",
            "tvgid": "PBS.(WLPB).Baton.Rouge,.LA.us"
        },
        {
            "country": "United States",
            "name": "FOX (WXMI) Grand Rapids, MI",
            "tvgid": "FOX.(WXMI).Grand.Rapids,.MI.us"
        },
        {
            "country": "United States",
            "name": "FOX (KREZ-TV2) Albuquerque, NM",
            "tvgid": "FOX.(KREZ-TV2).Albuquerque,.NM.us"
        },
        {
            "country": "United States",
            "name": "CBS (WDJT) Milwaukee, WI",
            "tvgid": "CBS.(WDJT).Milwaukee,.WI.us"
        },
        {
            "country": "United States",
            "name": "UniMás (KHAX) San Diego, CA",
            "tvgid": "UniMás.(KHAX).San.Diego,.CA.us"
        },
        {
            "country": "United States",
            "name": "ABC (WHTM) Harrisburg, PA",
            "tvgid": "ABC.(WHTM).Harrisburg,.PA.us"
        },
        {
            "country": "United States",
            "name": "MNT (WNYW-DT3) New York, NY",
            "tvgid": "MNT.(WNYW-DT3).New.York,.NY.us"
        },
        {
            "country": "United States",
            "name": "MOXiE (WANN-CD4) Atlanta, GA",
            "tvgid": "MOXiE.(WANN-CD4).Atlanta,.GA.us"
        },
        {
            "country": "United States",
            "name": "WKSY-LD4 Chattanooga, TN",
            "tvgid": "WKSY-LD4.Chattanooga,.TN.us"
        },
        {
            "country": "United States",
            "name": "SSTN (WDVB-CD2) Edison, NJ",
            "tvgid": "SSTN.(WDVB-CD2).Edison,.NJ.us"
        },
        {
            "country": "United States",
            "name": "NBC (KOGG) Wailuku, HI",
            "tvgid": "NBC.(KOGG).Wailuku,.HI.us"
        },
        {
            "country": "United States",
            "name": "Telemundo (WDEM-CD) Columbus, OH",
            "tvgid": "Telemundo.(WDEM-CD).Columbus,.OH.us"
        },
        {
            "country": "United States",
            "name": "FOX (WFFT) Fort Wayne, IN",
            "tvgid": "FOX.(WFFT).Fort.Wayne,.IN.us"
        },
        {
            "country": "United States",
            "name": "WDNN",
            "tvgid": "WDNN.us"
        },
        {
            "country": "United States",
            "name": "Corner Store (KFLA-DT3) Los Angeles, CA",
            "tvgid": "Corner.Store.(KFLA-DT3).Los.Angeles,.CA.us"
        },
        {
            "country": "United States",
            "name": "CW (KSTW) Tacoma, WA",
            "tvgid": "CW.(KSTW).Tacoma,.WA.us"
        },
        {
            "country": "United States",
            "name": "Action (WTBS-DT5) Atlanta, GA",
            "tvgid": "Action.(WTBS-DT5).Atlanta,.GA.us"
        },
        {
            "country": "United States",
            "name": "CTN LifeStyle (WVUP-CD2) Tallahassee, FL",
            "tvgid": "CTN.LifeStyle.(WVUP-CD2).Tallahassee,.FL.us"
        },
        {
            "country": "United States",
            "name": "WNUE-FM Audio Only (WOTF-TV6) Daytona Beach, FL",
            "tvgid": "WNUE-FM.Audio.Only.(WOTF-TV6).Daytona.Beach,.FL.us"
        },
        {
            "country": "United States",
            "name": "ETV World (WITV-DT3) Charleston, SC",
            "tvgid": "ETV.World.(WITV-DT3).Charleston,.SC.us"
        },
        {
            "country": "United States",
            "name": "PBS (KOET) Eufaula, OK",
            "tvgid": "PBS.(KOET).Eufaula,.OK.us"
        },
        {
            "country": "United States",
            "name": "PBS (KHET) Honolulu, HI",
            "tvgid": "PBS.(KHET).Honolulu,.HI.us"
        },
        {
            "country": "United States",
            "name": "PBS Create (KLNE-DT3) Lexington, NE",
            "tvgid": "PBS.Create.(KLNE-DT3).Lexington,.NE.us"
        },
        {
            "country": "United States",
            "name": "Aliento Vision (WDGT-DT2) Miami, FL",
            "tvgid": "Aliento.Vision.(WDGT-DT2).Miami,.FL.us"
        },
        {
            "country": "United States",
            "name": "QVC2 (WACP-DT7) Atlantic City, PA",
            "tvgid": "QVC2.(WACP-DT7).Atlantic.City,.PA.us"
        },
        {
            "country": "United States",
            "name": "CW (K41JE) Ashfork, AZ",
            "tvgid": "CW.(K41JE).Ashfork,.AZ.us"
        },
        {
            "country": "United States",
            "name": "NBC (W29DH-D) Moorefield, WV",
            "tvgid": "NBC.(W29DH-D).Moorefield,.WV.us"
        },
        {
            "country": "United States",
            "name": "FOX (WYFX) Youngstown, OH",
            "tvgid": "FOX.(WYFX).Youngstown,.OH.us"
        },
        {
            "country": "United States",
            "name": "CBS (KRTV) Grand Falls, MT",
            "tvgid": "CBS.(KRTV).Grand.Falls,.MT.us"
        },
        {
            "country": "United States",
            "name": "PBS (WXGA) Waycross, GA",
            "tvgid": "PBS.(WXGA).Waycross,.GA.us"
        },
        {
            "country": "United States",
            "name": "Azteca (KYPK-LD) Yakima, WA",
            "tvgid": "Azteca.(KYPK-LD).Yakima,.WA.us"
        },
        {
            "country": "United States",
            "name": "NBC (WLIO) Lima, OH",
            "tvgid": "NBC.(WLIO).Lima,.OH.us"
        },
        {
            "country": "United States",
            "name": "Telemundo (KTMD) Houston, TX",
            "tvgid": "Telemundo.(KTMD).Houston,.TX.us"
        },
        {
            "country": "United States",
            "name": "The Walk TV (KHFD-LD) Dallas, TX",
            "tvgid": "The.Walk.TV.(KHFD-LD).Dallas,.TX.us"
        },
        {
            "country": "United States",
            "name": "Jewelry TV (WEKA-LD6) Akron, OH",
            "tvgid": "Jewelry.TV.(WEKA-LD6).Akron,.OH.us"
        },
        {
            "country": "United States",
            "name": "UNI (KFTH-DT5) Houston, TX",
            "tvgid": "UNI.(KFTH-DT5).Houston,.TX.us"
        },
        {
            "country": "United States",
            "name": "MNT (KOZL) Springfield, MO",
            "tvgid": "MNT.(KOZL).Springfield,.MO.us"
        },
        {
            "country": "United States",
            "name": "FOX (WCCU) Champaign, IL",
            "tvgid": "FOX.(WCCU).Champaign,.IL.us"
        },
        {
            "country": "United States",
            "name": "Heartland (WPVN-DT2) Chicago, IL",
            "tvgid": "Heartland.(WPVN-DT2).Chicago,.IL.us"
        },
        {
            "country": "United States",
            "name": "ABC (WOTV) Battle Creek, MI",
            "tvgid": "ABC.(WOTV).Battle.Creek,.MI.us"
        },
        {
            "country": "United States",
            "name": "FOX (KLJB) Davenport, IA",
            "tvgid": "FOX.(KLJB).Davenport,.IA.us"
        },
        {
            "country": "United States",
            "name": "Estrella (KSWT-DT3) El Centro, CA",
            "tvgid": "Estrella.(KSWT-DT3).El.Centro,.CA.us"
        },
        {
            "country": "United States",
            "name": "PBS Explore (WUNW) Canton",
            "tvgid": "PBS.Explore.(WUNW).Canton.us"
        },
        {
            "country": "United States",
            "name": "ABC (KRHD) Bryan, TX",
            "tvgid": "ABC.(KRHD).Bryan,.TX.us"
        },
        {
            "country": "United States",
            "name": "FOX (KXPI) HD Pocatello, ID",
            "tvgid": "FOX.(KXPI).HD.Pocatello,.ID.us"
        },
        {
            "country": "United States",
            "name": "FOX (KOKH) Oklahoma City, OK",
            "tvgid": "FOX.(KOKH).Oklahoma.City,.OK.us"
        },
        {
            "country": "United States",
            "name": "CBS (WBKB) Alpena, MI",
            "tvgid": "CBS.(WBKB).Alpena,.MI.us"
        },
        {
            "country": "United States",
            "name": "CBS (KXLF) Butte, MT",
            "tvgid": "CBS.(KXLF).Butte,.MT.us"
        },
        {
            "country": "United States",
            "name": "FOX (KXLT) Rochester, MN",
            "tvgid": "FOX.(KXLT).Rochester,.MN.us"
        },
        {
            "country": "United States",
            "name": "CW (WTLF) Tallahassee, FL",
            "tvgid": "CW.(WTLF).Tallahassee,.FL.us"
        },
        {
            "country": "United States",
            "name": "Heartland (KSMI-DT2) Wichita, KS",
            "tvgid": "Heartland.(KSMI-DT2).Wichita,.KS.us"
        },
        {
            "country": "United States",
            "name": "Impact (WWJS-DT3) Clarksville, IN",
            "tvgid": "Impact.(WWJS-DT3).Clarksville,.IN.us"
        },
        {
            "country": "United States",
            "name": "CW (WHAM-DT2) Rochester, NY",
            "tvgid": "CW.(WHAM-DT2).Rochester,.NY.us"
        },
        {
            "country": "United States",
            "name": "FOX (KRBK) Osage Beach, MO",
            "tvgid": "FOX.(KRBK).Osage.Beach,.MO.us"
        },
        {
            "country": "United States",
            "name": "Telemundo (KDEN) Longmont, CO",
            "tvgid": "Telemundo.(KDEN).Longmont,.CO.us"
        },
        {
            "country": "United States",
            "name": "BYU (K21HV-D2) Malad, Idaho",
            "tvgid": "BYU.(K21HV-D2).Malad,.Idaho.us"
        },
        {
            "country": "United States",
            "name": "CBS (KLFY) Lafayette, LA",
            "tvgid": "CBS.(KLFY).Lafayette,.LA.us"
        },
        {
            "country": "United States",
            "name": "ABC (KXMD-DT2) Williston , ND",
            "tvgid": "ABC.(KXMD-DT2).Williston.,.ND.us"
        },
        {
            "country": "United States",
            "name": "UniMás (KDTF) San Diego, CA",
            "tvgid": "UniMás.(KDTF).San.Diego,.CA.us"
        },
        {
            "country": "United States",
            "name": "WPGA-TV Macon, GA",
            "tvgid": "WPGA-TV.Macon,.GA.us"
        },
        {
            "country": "United States",
            "name": "MHz Worldview (WEIU-DT2) Charleston, WI",
            "tvgid": "MHz.Worldview.(WEIU-DT2).Charleston,.WI.us"
        },
        {
            "country": "United States",
            "name": "Action (WEYW) Key West, FL",
            "tvgid": "Action.(WEYW).Key.West,.FL.us"
        },
        {
            "country": "United States",
            "name": "Telemundo (WSCV) Fort Lauderdale, FL",
            "tvgid": "Telemundo.(WSCV).Fort.Lauderdale,.FL.us"
        },
        {
            "country": "United States",
            "name": "CBS (KIMT) Mason City, IA",
            "tvgid": "CBS.(KIMT).Mason.City,.IA.us"
        },
        {
            "country": "United States",
            "name": "FOX (WWNY-DT2) Watertown, NY",
            "tvgid": "FOX.(WWNY-DT2).Watertown,.NY.us"
        },
        {
            "country": "United States",
            "name": "PBS (KAET) Phoenix, AZ",
            "tvgid": "PBS.(KAET).Phoenix,.AZ.us"
        },
        {
            "country": "United States",
            "name": "MN Channel (KJRE3) Ellendale, ND",
            "tvgid": "MN.Channel.(KJRE3).Ellendale,.ND.us"
        },
        {
            "country": "United States",
            "name": "CBS (KBSL) Goodland, KS",
            "tvgid": "CBS.(KBSL).Goodland,.KS.us"
        },
        {
            "country": "United States",
            "name": "Kentucky Channel (WKMA-DT3) Madisonville, KY",
            "tvgid": "Kentucky.Channel.(WKMA-DT3).Madisonville,.KY.us"
        },
        {
            "country": "United States",
            "name": "TCT (WRLM-DT2) Canton, OH HD",
            "tvgid": "TCT.(WRLM-DT2).Canton,.OH.HD.us"
        },
        {
            "country": "United States",
            "name": "PBS (KTIN) Fort Dodge, IA",
            "tvgid": "PBS.(KTIN).Fort.Dodge,.IA.us"
        },
        {
            "country": "United States",
            "name": "ABC (KETV) Omaha, NE",
            "tvgid": "ABC.(KETV).Omaha,.NE.us"
        },
        {
            "country": "United States",
            "name": "PBS (WKOP) Knoxville, TN",
            "tvgid": "PBS.(WKOP).Knoxville,.TN.us"
        },
        {
            "country": "United States",
            "name": "PBS (WACS) Dawson, GA",
            "tvgid": "PBS.(WACS).Dawson,.GA.us"
        },
        {
            "country": "United States",
            "name": "PBS (WSIU) Carbondale, IL",
            "tvgid": "PBS.(WSIU).Carbondale,.IL.us"
        },
        {
            "country": "United States",
            "name": "NBC (KWES) NewsWest 9 Midland Odessa, TX",
            "tvgid": "NBC.(KWES).NewsWest.9.Midland.Odessa,.TX.us"
        },
        {
            "country": "United States",
            "name": "KUEN-TV Salt Lake City, UT",
            "tvgid": "KUEN-TV.Salt.Lake.City,.UT.us"
        },
        {
            "country": "United States",
            "name": "BYU (K17JC-D2) Orderville, Utah",
            "tvgid": "BYU.(K17JC-D2).Orderville,.Utah.us"
        },
        {
            "country": "United States",
            "name": "France 24 English",
            "tvgid": "France.24.English.us"
        },
        {
            "country": "United States",
            "name": "NBC (KOBI) Medford, OR",
            "tvgid": "NBC.(KOBI).Medford,.OR.us"
        },
        {
            "country": "United States",
            "name": "ABC (WFTV) Orlando, FL",
            "tvgid": "ABC.(WFTV).Orlando,.FL.us"
        },
        {
            "country": "United States",
            "name": "ABC (KSAX) Alexandria, MN",
            "tvgid": "ABC.(KSAX).Alexandria,.MN.us"
        },
        {
            "country": "United States",
            "name": "ETV World (WNEH-DT3) Greenwood, SC",
            "tvgid": "ETV.World.(WNEH-DT3).Greenwood,.SC.us"
        },
        {
            "country": "United States",
            "name": "ABC (K43BU) Clovis, NM",
            "tvgid": "ABC.(K43BU).Clovis,.NM.us"
        },
        {
            "country": "United States",
            "name": "NBC (KSNC) Great Bend, KS",
            "tvgid": "NBC.(KSNC).Great.Bend,.KS.us"
        },
        {
            "country": "United States",
            "name": "BYU (K20JZ-D2) Green River, Utah",
            "tvgid": "BYU.(K20JZ-D2).Green.River,.Utah.us"
        },
        {
            "country": "United States",
            "name": "WHNT2HD Huntsville, AL",
            "tvgid": "WHNT2HD.Huntsville,.AL.us"
        },
        {
            "country": "United States",
            "name": "FOX (KNPN) St. Joseph, MO",
            "tvgid": "FOX.(KNPN).St..Joseph,.MO.us"
        },
        {
            "country": "United States",
            "name": "PBS Encore (WKMA) Madisonville, KY",
            "tvgid": "PBS.Encore.(WKMA).Madisonville,.KY.us"
        },
        {
            "country": "United States",
            "name": "Azteca (WDGA-DT2) Chattanooga, TN",
            "tvgid": "Azteca.(WDGA-DT2).Chattanooga,.TN.us"
        },
        {
            "country": "United States",
            "name": "My Network TV (WAPG-CD) Greeneville, TN",
            "tvgid": "My.Network.TV.(WAPG-CD).Greeneville,.TN.us"
        },
        {
            "country": "United States",
            "name": "CBS (WLOX-DT2) Biloxi, MS",
            "tvgid": "CBS.(WLOX-DT2).Biloxi,.MS.us"
        },
        {
            "country": "United States",
            "name": "CBS (WVLT) Knoxville, TN",
            "tvgid": "CBS.(WVLT).Knoxville,.TN.us"
        },
        {
            "country": "United States",
            "name": "Azteca (KEMO) Santa Rosa, Calif.",
            "tvgid": "Azteca.(KEMO).Santa.Rosa,.Calif..us"
        },
        {
            "country": "United States",
            "name": "FOX (KWKT) Waco, TX",
            "tvgid": "FOX.(KWKT).Waco,.TX.us"
        },
        {
            "country": "United States",
            "name": "NBC (WTWC) Tallahassee, FL",
            "tvgid": "NBC.(WTWC).Tallahassee,.FL.us"
        },
        {
            "country": "United States",
            "name": "UniMás (WXFT) Chicago, IL",
            "tvgid": "UniMás.(WXFT).Chicago,.IL.us"
        },
        {
            "country": "United States",
            "name": "MNT (KGJT-LP) Grand Junction, CO",
            "tvgid": "MNT.(KGJT-LP).Grand.Junction,.CO.us"
        },
        {
            "country": "United States",
            "name": "CBS (K24KG-D) Madras, OR",
            "tvgid": "CBS.(K24KG-D).Madras,.OR.us"
        },
        {
            "country": "United States",
            "name": "ABC (KQTV) St. Joseph, MO",
            "tvgid": "ABC.(KQTV).St..Joseph,.MO.us"
        },
        {
            "country": "United States",
            "name": "MNT (KIDZ-DT2) Abilene, TX",
            "tvgid": "MNT.(KIDZ-DT2).Abilene,.TX.us"
        },
        {
            "country": "United States",
            "name": "UNI (KHLU) Honolulu, HI",
            "tvgid": "UNI.(KHLU).Honolulu,.HI.us"
        },
        {
            "country": "United States",
            "name": "ETV World (WRJA-DT3) Sumter, SC",
            "tvgid": "ETV.World.(WRJA-DT3).Sumter,.SC.us"
        },
        {
            "country": "United States",
            "name": "PBS (W04BS-DT4) Bethel, ME",
            "tvgid": "PBS.(W04BS-DT4).Bethel,.ME.us"
        },
        {
            "country": "United States",
            "name": "PBS (KMEB) Wailuku, HI",
            "tvgid": "PBS.(KMEB).Wailuku,.HI.us"
        },
        {
            "country": "United States",
            "name": "My Valley (WHSV-TV4) Harrisonburg, VA",
            "tvgid": "My.Valley.(WHSV-TV4).Harrisonburg,.VA.us"
        },
        {
            "country": "United States",
            "name": "NBC (KTIV) Sioux City, IA",
            "tvgid": "NBC.(KTIV).Sioux.City,.IA.us"
        },
        {
            "country": "United States",
            "name": "Azteca (KJLA) Los Angeles, CA",
            "tvgid": "Azteca.(KJLA).Los.Angeles,.CA.us"
        },
        {
            "country": "United States",
            "name": "NBC (WBTS-LD) Boston, MA",
            "tvgid": "NBC.(WBTS-LD).Boston,.MA.us"
        },
        {
            "country": "United States",
            "name": "ABC (KFSN) Fresno, CA",
            "tvgid": "ABC.(KFSN).Fresno,.CA.us"
        },
        {
            "country": "United States",
            "name": "FOX (KPTH) Sioux City, IA",
            "tvgid": "FOX.(KPTH).Sioux.City,.IA.us"
        },
        {
            "country": "United States",
            "name": "ABC (WTVG) Toledo, OH",
            "tvgid": "ABC.(WTVG).Toledo,.OH.us"
        },
        {
            "country": "United States",
            "name": "Telemundo (KMUV) Monterey, CA",
            "tvgid": "Telemundo.(KMUV).Monterey,.CA.us"
        },
        {
            "country": "United States",
            "name": "CBS (WGFL) Gainesville, FL",
            "tvgid": "CBS.(WGFL).Gainesville,.FL.us"
        },
        {
            "country": "United States",
            "name": "NBC (KNVN) Chico, CA",
            "tvgid": "NBC.(KNVN).Chico,.CA.us"
        },
        {
            "country": "United States",
            "name": "BYU (K36IP-D2) Scipio, Utah",
            "tvgid": "BYU.(K36IP-D2).Scipio,.Utah.us"
        },
        {
            "country": "United States",
            "name": "PBS (WLVT) Bethlehem,  PA",
            "tvgid": "PBS.(WLVT).Bethlehem,..PA.us"
        },
        {
            "country": "United States",
            "name": "MNT (KMYL) Lubbock, TX",
            "tvgid": "MNT.(KMYL).Lubbock,.TX.us"
        },
        {
            "country": "United States",
            "name": "V-Me (KUES3) Richfield, UT",
            "tvgid": "V-Me.(KUES3).Richfield,.UT.us"
        },
        {
            "country": "United States",
            "name": "UNI (KUVE) Tucson, AZ",
            "tvgid": "UNI.(KUVE).Tucson,.AZ.us"
        },
        {
            "country": "United States",
            "name": "PBS (WMVT) Milaukee, WI",
            "tvgid": "PBS.(WMVT).Milaukee,.WI.us"
        },
        {
            "country": "United States",
            "name": "Azteca (KAZH-LP) Mcallen, TX",
            "tvgid": "Azteca.(KAZH-LP).Mcallen,.TX.us"
        },
        {
            "country": "United States",
            "name": "CW (WHLT-DT2) Hattiesburg, MS",
            "tvgid": "CW.(WHLT-DT2).Hattiesburg,.MS.us"
        },
        {
            "country": "United States",
            "name": "PBS (WMAW-DT2) Meridian, MS HD",
            "tvgid": "PBS.(WMAW-DT2).Meridian,.MS.HD.us"
        },
        {
            "country": "United States",
            "name": "Alaska Public Media (K05FW) Girdwood, AK",
            "tvgid": "Alaska.Public.Media.(K05FW).Girdwood,.AK.us"
        },
        {
            "country": "United States",
            "name": "CBS (K29IB-D) Grays River, Etc., WA",
            "tvgid": "CBS.(K29IB-D).Grays.River,.Etc.,.WA.us"
        },
        {
            "country": "United States",
            "name": "Action (KSMI-DT5) Wichita, KS",
            "tvgid": "Action.(KSMI-DT5).Wichita,.KS.us"
        },
        {
            "country": "United States",
            "name": "KKPM-DT4 Sacramento, CA",
            "tvgid": "KKPM-DT4.Sacramento,.CA.us"
        },
        {
            "country": "United States",
            "name": "NBC (KNWA) Ft. Smith, AR",
            "tvgid": "NBC.(KNWA).Ft..Smith,.AR.us"
        },
        {
            "country": "United States",
            "name": "Azteca (WIRP-LD2) Raleigh, NC",
            "tvgid": "Azteca.(WIRP-LD2).Raleigh,.NC.us"
        },
        {
            "country": "United States",
            "name": "PBS (WPTO) SD Oxford, OH",
            "tvgid": "PBS.(WPTO).SD.Oxford,.OH.us"
        },
        {
            "country": "United States",
            "name": "UNI (KUTH) Salt Lake City, UT",
            "tvgid": "UNI.(KUTH).Salt.Lake.City,.UT.us"
        },
        {
            "country": "United States",
            "name": "NBC (WOWT) Omaha, NE",
            "tvgid": "NBC.(WOWT).Omaha,.NE.us"
        },
        {
            "country": "United States",
            "name": "CW+ (KXMB-TV2) Bismarck, ND",
            "tvgid": "CW+.(KXMB-TV2).Bismarck,.ND.us"
        },
        {
            "country": "United States",
            "name": "ABC (WALB-DT2) Albany, GA",
            "tvgid": "ABC.(WALB-DT2).Albany,.GA.us"
        },
        {
            "country": "United States",
            "name": "KMTP-DT4 \"WTV\" San Francisco, CA",
            "tvgid": "KMTP-DT4.\"WTV\".San.Francisco,.CA.us"
        },
        {
            "country": "United States",
            "name": "ABC (KTVO) Kirskville, MO",
            "tvgid": "ABC.(KTVO).Kirskville,.MO.us"
        },
        {
            "country": "United States",
            "name": "PBS (K41AE) Grand Junction, CO",
            "tvgid": "PBS.(K41AE).Grand.Junction,.CO.us"
        },
        {
            "country": "United States",
            "name": "MN Channel (KWSE3) Williston, ND",
            "tvgid": "MN.Channel.(KWSE3).Williston,.ND.us"
        },
        {
            "country": "United States",
            "name": "Telemundo (WDNI-INDY) Indianapolis, IN",
            "tvgid": "Telemundo.(WDNI-INDY).Indianapolis,.IN.us"
        },
        {
            "country": "United States",
            "name": "CBS (KCCO) Alexandria, MN",
            "tvgid": "CBS.(KCCO).Alexandria,.MN.us"
        },
        {
            "country": "United States",
            "name": "PBS (WKPI) Pikeville, KY HD",
            "tvgid": "PBS.(WKPI).Pikeville,.KY.HD.us"
        },
        {
            "country": "United States",
            "name": "RetroTV (KYHT-LD6) Lake Charles, LA",
            "tvgid": "RetroTV.(KYHT-LD6).Lake.Charles,.LA.us"
        },
        {
            "country": "United States",
            "name": "ABC (KVUE) Austin, TX",
            "tvgid": "ABC.(KVUE).Austin,.TX.us"
        },
        {
            "country": "United States",
            "name": "FOX (KTVI) St. Louis, MO",
            "tvgid": "FOX.(KTVI).St..Louis,.MO.us"
        },
        {
            "country": "United States",
            "name": "BYU (K19DO-2) Modena, Utah",
            "tvgid": "BYU.(K19DO-2).Modena,.Utah.us"
        },
        {
            "country": "United States",
            "name": "PBS (WUSI) Olney, IL",
            "tvgid": "PBS.(WUSI).Olney,.IL.us"
        },
        {
            "country": "United States",
            "name": "PBS (KSWK-DT2) Brewster, KS",
            "tvgid": "PBS.(KSWK-DT2).Brewster,.KS.us"
        },
        {
            "country": "United States",
            "name": "ABC (KBMY) Bismarck, ND HD",
            "tvgid": "ABC.(KBMY).Bismarck,.ND.HD.us"
        },
        {
            "country": "United States",
            "name": "NBC (KHQ) Spokane, WA",
            "tvgid": "NBC.(KHQ).Spokane,.WA.us"
        },
        {
            "country": "United States",
            "name": "PBS Encore (WLAE-DT2) New Orleans, LA",
            "tvgid": "PBS.Encore.(WLAE-DT2).New.Orleans,.LA.us"
        },
        {
            "country": "United States",
            "name": "PBS (K19CG-D) Belle Fource, SD",
            "tvgid": "PBS.(K19CG-D).Belle.Fource,.SD.us"
        },
        {
            "country": "United States",
            "name": "FOX (WLIO-DT2) Lima, OH",
            "tvgid": "FOX.(WLIO-DT2).Lima,.OH.us"
        },
        {
            "country": "United States",
            "name": "Azteca (KAZD) Lake Dallas, TX",
            "tvgid": "Azteca.(KAZD).Lake.Dallas,.TX.us"
        },
        {
            "country": "United States",
            "name": "NBC (WWLP) Springfield, MA",
            "tvgid": "NBC.(WWLP).Springfield,.MA.us"
        },
        {
            "country": "United States",
            "name": "NASA (KGEC-DT4) Redding, CA",
            "tvgid": "NASA.(KGEC-DT4).Redding,.CA.us"
        },
        {
            "country": "United States",
            "name": "CTN (WTJR-DT4) Quincy, IL",
            "tvgid": "CTN.(WTJR-DT4).Quincy,.IL.us"
        },
        {
            "country": "United States",
            "name": "LA 18.8 (KSCI-DT8)",
            "tvgid": "LA.18.8.(KSCI-DT8).us"
        },
        {
            "country": "United States",
            "name": "QVC2 (KCMN-LD6) Kansas City, MO",
            "tvgid": "QVC2.(KCMN-LD6).Kansas.City,.MO.us"
        },
        {
            "country": "United States",
            "name": "NBC (KARK) Little Rock, AR",
            "tvgid": "NBC.(KARK).Little.Rock,.AR.us"
        },
        {
            "country": "United States",
            "name": "Univision (KFTU-DT2) Douglas, AZ",
            "tvgid": "Univision.(KFTU-DT2).Douglas,.AZ.us"
        },
        {
            "country": "United States",
            "name": "CTNi (WFGC-DT2) Palm Beach, FL",
            "tvgid": "CTNi.(WFGC-DT2).Palm.Beach,.FL.us"
        },
        {
            "country": "United States",
            "name": "PBS North (WDSE) Duluth, MN",
            "tvgid": "PBS.North.(WDSE).Duluth,.MN.us"
        },
        {
            "country": "United States",
            "name": "TCT Kids (WJGP-LD3) Kalamazoo, MI",
            "tvgid": "TCT.Kids.(WJGP-LD3).Kalamazoo,.MI.us"
        },
        {
            "country": "United States",
            "name": "NBC (KNTV) San Francisco, CA",
            "tvgid": "NBC.(KNTV).San.Francisco,.CA.us"
        },
        {
            "country": "United States",
            "name": "Telemundo (WRTD-LD5) Tuscaloosa, AL",
            "tvgid": "Telemundo.(WRTD-LD5).Tuscaloosa,.AL.us"
        },
        {
            "country": "United States",
            "name": "FOX (WFXB) Lumberton, NC",
            "tvgid": "FOX.(WFXB).Lumberton,.NC.us"
        },
        {
            "country": "United States",
            "name": "PBS (K28HA) Grand Valley, CO",
            "tvgid": "PBS.(K28HA).Grand.Valley,.CO.us"
        },
        {
            "country": "United States",
            "name": "PBS (WMEA) Biddeford, ME",
            "tvgid": "PBS.(WMEA).Biddeford,.ME.us"
        },
        {
            "country": "United States",
            "name": "CW (WNAC-TV2) E. Providence, RI",
            "tvgid": "CW.(WNAC-TV2).E..Providence,.RI.us"
        },
        {
            "country": "United States",
            "name": "MNT (WMYD) Detroit, MI",
            "tvgid": "MNT.(WMYD).Detroit,.MI.us"
        },
        {
            "country": "United States",
            "name": "NBC (WRDE) Salisbury, MD",
            "tvgid": "NBC.(WRDE).Salisbury,.MD.us"
        },
        {
            "country": "United States",
            "name": "WIRE-CD2 Atlanta, GA",
            "tvgid": "WIRE-CD2.Atlanta,.GA.us"
        },
        {
            "country": "United States",
            "name": "FOX (WBKO-DT2) Bowling Green, KY",
            "tvgid": "FOX.(WBKO-DT2).Bowling.Green,.KY.us"
        },
        {
            "country": "United States",
            "name": "PBS (KCWC) Lander, WY",
            "tvgid": "PBS.(KCWC).Lander,.WY.us"
        },
        {
            "country": "United States",
            "name": "DW English (KPJK-DT4) San Mateo, CA",
            "tvgid": "DW.English.(KPJK-DT4).San.Mateo,.CA.us"
        },
        {
            "country": "United States",
            "name": "PBS (WLRN) Miami, FL",
            "tvgid": "PBS.(WLRN).Miami,.FL.us"
        },
        {
            "country": "United States",
            "name": "MNT (WAMY) Huntsville, AL",
            "tvgid": "MNT.(WAMY).Huntsville,.AL.us"
        },
        {
            "country": "United States",
            "name": "PBS Create (WJSP-DT2)  Columbus, GA",
            "tvgid": "PBS.Create.(WJSP-DT2)..Columbus,.GA.us"
        },
        {
            "country": "United States",
            "name": "FOX (WFXI) Morehead, NC",
            "tvgid": "FOX.(WFXI).Morehead,.NC.us"
        },
        {
            "country": "United States",
            "name": "NBC (KOB) Albuquerque, NM",
            "tvgid": "NBC.(KOB).Albuquerque,.NM.us"
        },
        {
            "country": "United States",
            "name": "CBS (WFSB-DT4) Fairfield County, Hartfod, CT",
            "tvgid": "CBS.(WFSB-DT4).Fairfield.County,.Hartfod,.CT.us"
        },
        {
            "country": "United States",
            "name": "CBN News Channel (KUGB-CD)",
            "tvgid": "CBN.News.Channel.(KUGB-CD).us"
        },
        {
            "country": "United States",
            "name": "SSTN (WOCK-DT5) Chicago, IL",
            "tvgid": "SSTN.(WOCK-DT5).Chicago,.IL.us"
        },
        {
            "country": "United States",
            "name": "NBC (WMBF) Myrtle Beach, SC",
            "tvgid": "NBC.(WMBF).Myrtle.Beach,.SC.us"
        },
        {
            "country": "United States",
            "name": "CBS (KEYE) Austin, TX",
            "tvgid": "CBS.(KEYE).Austin,.TX.us"
        },
        {
            "country": "United States",
            "name": "Right Now TV (KCTU-DT8) Wichita, KS",
            "tvgid": "Right.Now.TV.(KCTU-DT8).Wichita,.KS.us"
        },
        {
            "country": "United States",
            "name": "NBC (KPRC) Houston, TX",
            "tvgid": "NBC.(KPRC).Houston,.TX.us"
        },
        {
            "country": "United States",
            "name": "CBS (KVEO-TV2) Harlingen, TX",
            "tvgid": "CBS.(KVEO-TV2).Harlingen,.TX.us"
        },
        {
            "country": "United States",
            "name": "PBS (KENW-DT2) SD Portales, NM",
            "tvgid": "PBS.(KENW-DT2).SD.Portales,.NM.us"
        },
        {
            "country": "United States",
            "name": "WGN Chicago (LOCAL)",
            "tvgid": "WGN.Chicago.(LOCAL).us"
        },
        {
            "country": "United States",
            "name": "WBNA Louisville, KY",
            "tvgid": "WBNA.Louisville,.KY.us"
        },
        {
            "country": "United States",
            "name": "ABC (WBND) South Bend, IN",
            "tvgid": "ABC.(WBND).South.Bend,.IN.us"
        },
        {
            "country": "United States",
            "name": "WPIX New York (SUPERSTATION)",
            "tvgid": "WPIX.New.York.(SUPERSTATION).us"
        },
        {
            "country": "United States",
            "name": "ABC (KMNZ-LD) Coeur DAlene, ID",
            "tvgid": "ABC.(KMNZ-LD).Coeur.DAlene,.ID.us"
        },
        {
            "country": "United States",
            "name": "FOX (KFJX) Pittsburg, KS",
            "tvgid": "FOX.(KFJX).Pittsburg,.KS.us"
        },
        {
            "country": "United States",
            "name": "Estrella (KKIC) Boise, ID",
            "tvgid": "Estrella.(KKIC).Boise,.ID.us"
        },
        {
            "country": "United States",
            "name": "CW6 (WSTM-DT2) Syracuse, NY",
            "tvgid": "CW6.(WSTM-DT2).Syracuse,.NY.us"
        },
        {
            "country": "United States",
            "name": "Estrella (KOCY-LP) Oklahoma City, OK",
            "tvgid": "Estrella.(KOCY-LP).Oklahoma.City,.OK.us"
        },
        {
            "country": "United States",
            "name": "Cornerstone (K14JS) Denver, CO",
            "tvgid": "Cornerstone.(K14JS).Denver,.CO.us"
        },
        {
            "country": "United States",
            "name": "NBC (WTOM) Traverse City, MI",
            "tvgid": "NBC.(WTOM).Traverse.City,.MI.us"
        },
        {
            "country": "United States",
            "name": "UNI (WUVN) Hartford, CT",
            "tvgid": "UNI.(WUVN).Hartford,.CT.us"
        },
        {
            "country": "United States",
            "name": "TBD TV",
            "tvgid": "TBD.TV.us"
        },
        {
            "country": "United States",
            "name": "CW (WFXR-DT2) Roanoke, VA",
            "tvgid": "CW.(WFXR-DT2).Roanoke,.VA.us"
        },
        {
            "country": "United States",
            "name": "CW (WMTV2) Madison, WI",
            "tvgid": "CW.(WMTV2).Madison,.WI.us"
        },
        {
            "country": "United States",
            "name": "NBC (WAVE) Louisville, KY",
            "tvgid": "NBC.(WAVE).Louisville,.KY.us"
        },
        {
            "country": "United States",
            "name": "MNT (K41ID-DT3) Medford, OR",
            "tvgid": "MNT.(K41ID-DT3).Medford,.OR.us"
        },
        {
            "country": "United States",
            "name": "NBC (WNBJ-LD) Jackson, TN",
            "tvgid": "NBC.(WNBJ-LD).Jackson,.TN.us"
        },
        {
            "country": "United States",
            "name": "UNI (KTUZ-DT12) Oklahoma City, OK",
            "tvgid": "UNI.(KTUZ-DT12).Oklahoma.City,.OK.us"
        },
        {
            "country": "United States",
            "name": "CBS (WMBD) Central Illinois, IL",
            "tvgid": "CBS.(WMBD).Central.Illinois,.IL.us"
        },
        {
            "country": "United States",
            "name": "UNI (KUVS) Modesto, CA",
            "tvgid": "UNI.(KUVS).Modesto,.CA.us"
        },
        {
            "country": "United States",
            "name": "Untamed Sports (KGPE-DT2) Fresno, CA",
            "tvgid": "Untamed.Sports.(KGPE-DT2).Fresno,.CA.us"
        },
        {
            "country": "United States",
            "name": "NBC (WSLS) Roanoke, VA",
            "tvgid": "NBC.(WSLS).Roanoke,.VA.us"
        },
        {
            "country": "United States",
            "name": "CW (WWHO) Columbus, OH",
            "tvgid": "CW.(WWHO).Columbus,.OH.us"
        },
        {
            "country": "United States",
            "name": "CW+ (WREX-DT2) Rockford, IL",
            "tvgid": "CW+.(WREX-DT2).Rockford,.IL.us"
        },
        {
            "country": "United States",
            "name": "NewsMax TV (KCYM-LD) Des Moines, IA",
            "tvgid": "NewsMax.TV.(KCYM-LD).Des.Moines,.IA.us"
        },
        {
            "country": "United States",
            "name": "CW (KHBS-DT2) Ft. Smith, AR",
            "tvgid": "CW.(KHBS-DT2).Ft..Smith,.AR.us"
        },
        {
            "country": "United States",
            "name": "NBC (WVVA) Bluefield, VA",
            "tvgid": "NBC.(WVVA).Bluefield,.VA.us"
        },
        {
            "country": "United States",
            "name": "PBS Encore (WGPT-DT2) Oakland, MD",
            "tvgid": "PBS.Encore.(WGPT-DT2).Oakland,.MD.us"
        },
        {
            "country": "United States",
            "name": "AMG-TV (KSLM-LD) Portland, OR",
            "tvgid": "AMG-TV.(KSLM-LD).Portland,.OR.us"
        },
        {
            "country": "United States",
            "name": "PBS (WFPT) Montgomery, MD HD",
            "tvgid": "PBS.(WFPT).Montgomery,.MD.HD.us"
        },
        {
            "country": "United States",
            "name": "PBS Encore (WKMR) Morehead, KY",
            "tvgid": "PBS.Encore.(WKMR).Morehead,.KY.us"
        },
        {
            "country": "United States",
            "name": "WHKY Hickory, NC",
            "tvgid": "WHKY.Hickory,.NC.us"
        },
        {
            "country": "United States",
            "name": "CBS (WTAP-DT2) Parkersburg, WV",
            "tvgid": "CBS.(WTAP-DT2).Parkersburg,.WV.us"
        },
        {
            "country": "United States",
            "name": "ESNE (KFDF-DT3) Fort Smith, AR",
            "tvgid": "ESNE.(KFDF-DT3).Fort.Smith,.AR.us"
        },
        {
            "country": "United States",
            "name": "FOX (WWCP) Johnstown, PA",
            "tvgid": "FOX.(WWCP).Johnstown,.PA.us"
        },
        {
            "country": "United States",
            "name": "PBS (WPBT) West Palm Beach, FL",
            "tvgid": "PBS.(WPBT).West.Palm.Beach,.FL.us"
        },
        {
            "country": "United States",
            "name": "NBC (KRNV) Reno, NV",
            "tvgid": "NBC.(KRNV).Reno,.NV.us"
        },
        {
            "country": "United States",
            "name": "MNT (KMTW) Wichita, KS",
            "tvgid": "MNT.(KMTW).Wichita,.KS.us"
        },
        {
            "country": "United States",
            "name": "Jewelry TV (KNDB-DT10) Bismarck, ND",
            "tvgid": "Jewelry.TV.(KNDB-DT10).Bismarck,.ND.us"
        },
        {
            "country": "United States",
            "name": "QVC2 (KZLL-LD6) Tulsa, OK",
            "tvgid": "QVC2.(KZLL-LD6).Tulsa,.OK.us"
        },
        {
            "country": "United States",
            "name": "FOX (KMVU) Medford, OR HD",
            "tvgid": "FOX.(KMVU).Medford,.OR.HD.us"
        },
        {
            "country": "United States",
            "name": "CBS (WKRG) Mobile, AL HD",
            "tvgid": "CBS.(WKRG).Mobile,.AL.HD.us"
        },
        {
            "country": "United States",
            "name": "CBS (KXLJ-LD) Juneau, AK",
            "tvgid": "CBS.(KXLJ-LD).Juneau,.AK.us"
        },
        {
            "country": "United States",
            "name": "OMNI.2",
            "tvgid": "OMNI.2.us"
        },
        {
            "country": "United States",
            "name": "CW (WUPV) Richmond, VA",
            "tvgid": "CW.(WUPV).Richmond,.VA.us"
        },
        {
            "country": "United States",
            "name": "UNI (KFSF-DT2) San Francisco, CA",
            "tvgid": "UNI.(KFSF-DT2).San.Francisco,.CA.us"
        },
        {
            "country": "United States",
            "name": "FOX (KMOT-DT2) Minot, ND",
            "tvgid": "FOX.(KMOT-DT2).Minot,.ND.us"
        },
        {
            "country": "United States",
            "name": "PBS (K19AA-D) Altus, OK",
            "tvgid": "PBS.(K19AA-D).Altus,.OK.us"
        },
        {
            "country": "United States",
            "name": "TCT (WAQP-DT2) Muskegon, MI",
            "tvgid": "TCT.(WAQP-DT2).Muskegon,.MI.us"
        },
        {
            "country": "United States",
            "name": "360 North (K21AM-DT3) Anchorage, AK",
            "tvgid": "360.North.(K21AM-DT3).Anchorage,.AK.us"
        },
        {
            "country": "United States",
            "name": "MNT (KSBI) Oklahoma City, OK",
            "tvgid": "MNT.(KSBI).Oklahoma.City,.OK.us"
        },
        {
            "country": "United States",
            "name": "NBC (WDTN) Dayton, OH",
            "tvgid": "NBC.(WDTN).Dayton,.OH.us"
        },
        {
            "country": "United States",
            "name": "MNT (KBMT-DT5) Beaumont, TX",
            "tvgid": "MNT.(KBMT-DT5).Beaumont,.TX.us"
        },
        {
            "country": "United States",
            "name": "CBS (KKFX-DT2) Santa Barbara, CA",
            "tvgid": "CBS.(KKFX-DT2).Santa.Barbara,.CA.us"
        },
        {
            "country": "United States",
            "name": "PBS (WUNU) Lumberton, NC",
            "tvgid": "PBS.(WUNU).Lumberton,.NC.us"
        },
        {
            "country": "United States",
            "name": "NBC (KXAN) Austin, TX",
            "tvgid": "NBC.(KXAN).Austin,.TX.us"
        },
        {
            "country": "United States",
            "name": "QVC2 (WEZK-LP6) Knoxville, TN",
            "tvgid": "QVC2.(WEZK-LP6).Knoxville,.TN.us"
        },
        {
            "country": "United States",
            "name": "CBS (WKYT) Lexington, KY",
            "tvgid": "CBS.(WKYT).Lexington,.KY.us"
        },
        {
            "country": "United States",
            "name": "Heartland (K39GF) Fort Peck, MT",
            "tvgid": "Heartland.(K39GF).Fort.Peck,.MT.us"
        },
        {
            "country": "United States",
            "name": "MNT (KIDY-DT2) San Angelo, TX",
            "tvgid": "MNT.(KIDY-DT2).San.Angelo,.TX.us"
        },
        {
            "country": "United States",
            "name": "KRWF-DT2 Channel 45 Redwood Falls, MN",
            "tvgid": "KRWF-DT2.Channel.45.Redwood.Falls,.MN.us"
        },
        {
            "country": "United States",
            "name": "CBS (K50KK-D) Ellensburg, WA",
            "tvgid": "CBS.(K50KK-D).Ellensburg,.WA.us"
        },
        {
            "country": "United States",
            "name": "PBS (WETK) Colchester, VT",
            "tvgid": "PBS.(WETK).Colchester,.VT.us"
        },
        {
            "country": "United States",
            "name": "NBC (WOGC-CD) Holland, MI",
            "tvgid": "NBC.(WOGC-CD).Holland,.MI.us"
        },
        {
            "country": "United States",
            "name": "Revenue Frontier (WQDI-LD7) Cleveland, OH",
            "tvgid": "Revenue.Frontier.(WQDI-LD7).Cleveland,.OH.us"
        },
        {
            "country": "United States",
            "name": "BYU (K32JP-D2) Logan, Utah",
            "tvgid": "BYU.(K32JP-D2).Logan,.Utah.us"
        },
        {
            "country": "United States",
            "name": "CBS (K08EZ-D) Mink Creek, ID",
            "tvgid": "CBS.(K08EZ-D).Mink.Creek,.ID.us"
        },
        {
            "country": "United States",
            "name": "ABC (W07DC-D) Allentown, PA",
            "tvgid": "ABC.(W07DC-D).Allentown,.PA.us"
        },
        {
            "country": "United States",
            "name": "ABC (WCHS) Charleston, WV",
            "tvgid": "ABC.(WCHS).Charleston,.WV.us"
        },
        {
            "country": "United States",
            "name": "Estrella (KQCA-DT3) Sacramento, CA",
            "tvgid": "Estrella.(KQCA-DT3).Sacramento,.CA.us"
        },
        {
            "country": "United States",
            "name": "WLFT Baton Rouge, LA",
            "tvgid": "WLFT.Baton.Rouge,.LA.us"
        },
        {
            "country": "United States",
            "name": "Azteca (WCHU) Chicago, IL",
            "tvgid": "Azteca.(WCHU).Chicago,.IL.us"
        },
        {
            "country": "United States",
            "name": "CBS (KNPL) North Platte, NE",
            "tvgid": "CBS.(KNPL).North.Platte,.NE.us"
        },
        {
            "country": "United States",
            "name": "WMCN44, Atlantic City, NJ",
            "tvgid": "WMCN44,.Atlantic.City,.NJ.us"
        },
        {
            "country": "United States",
            "name": "ONTV4U (KNBX-DT3) Las Vegas, NV",
            "tvgid": "ONTV4U.(KNBX-DT3).Las.Vegas,.NV.us"
        },
        {
            "country": "United States",
            "name": "PBS (WGTV-DT3) Knowledge Atlanta, GA",
            "tvgid": "PBS.(WGTV-DT3).Knowledge.Atlanta,.GA.us"
        },
        {
            "country": "United States",
            "name": "Azteca (KZKC-LP) Bakersfield, CA",
            "tvgid": "Azteca.(KZKC-LP).Bakersfield,.CA.us"
        },
        {
            "country": "United States",
            "name": "The Country Network (KBFK-DT8) Bakersfield, CA",
            "tvgid": "The.Country.Network.(KBFK-DT8).Bakersfield,.CA.us"
        },
        {
            "country": "United States",
            "name": "CBN News (WBNA-DT5) Louisville, KY",
            "tvgid": "CBN.News.(WBNA-DT5).Louisville,.KY.us"
        },
        {
            "country": "United States",
            "name": "MNT (WBTW2) Myrtle Beach, SC",
            "tvgid": "MNT.(WBTW2).Myrtle.Beach,.SC.us"
        },
        {
            "country": "United States",
            "name": "ABC (WQOW) Eau Claire, WI",
            "tvgid": "ABC.(WQOW).Eau.Claire,.WI.us"
        },
        {
            "country": "United States",
            "name": "CBS (W18EG-D) Onancock, VA",
            "tvgid": "CBS.(W18EG-D).Onancock,.VA.us"
        },
        {
            "country": "United States",
            "name": "CW (KFMB-TV2) San Diego, CA",
            "tvgid": "CW.(KFMB-TV2).San.Diego,.CA.us"
        },
        {
            "country": "United States",
            "name": "Azteca (KVIA-DT4) El Paso, TX",
            "tvgid": "Azteca.(KVIA-DT4).El.Paso,.TX.us"
        },
        {
            "country": "United States",
            "name": "Telemundo (KLWB-DT3) Lafayette, LA",
            "tvgid": "Telemundo.(KLWB-DT3).Lafayette,.LA.us"
        },
        {
            "country": "United States",
            "name": "CBS (KXGN) Glendive, MT",
            "tvgid": "CBS.(KXGN).Glendive,.MT.us"
        },
        {
            "country": "United States",
            "name": "RetroTV (WDPN-TV5) Wilmington, DE",
            "tvgid": "RetroTV.(WDPN-TV5).Wilmington,.DE.us"
        },
        {
            "country": "United States",
            "name": "ABC (WTVO) Rockford, IL",
            "tvgid": "ABC.(WTVO).Rockford,.IL.us"
        },
        {
            "country": "United States",
            "name": "AccuWeather (W24CS-DT2) Reading, PA",
            "tvgid": "AccuWeather.(W24CS-DT2).Reading,.PA.us"
        },
        {
            "country": "United States",
            "name": "NBC (KPVI) Pocatello, ID",
            "tvgid": "NBC.(KPVI).Pocatello,.ID.us"
        },
        {
            "country": "United States",
            "name": "CTN (KQCK) Denver, CO",
            "tvgid": "CTN.(KQCK).Denver,.CO.us"
        },
        {
            "country": "United States",
            "name": "CW+ (WJAC-DT4) Johnstown, PA",
            "tvgid": "CW+.(WJAC-DT4).Johnstown,.PA.us"
        },
        {
            "country": "United States",
            "name": "Estrella (KVUE-DT2) Austin, TX",
            "tvgid": "Estrella.(KVUE-DT2).Austin,.TX.us"
        },
        {
            "country": "United States",
            "name": "CTN (WHBR) Pensacola, FL",
            "tvgid": "CTN.(WHBR).Pensacola,.FL.us"
        },
        {
            "country": "United States",
            "name": "AccuWeather (WHEH-LD5) Lumberton, NC",
            "tvgid": "AccuWeather.(WHEH-LD5).Lumberton,.NC.us"
        },
        {
            "country": "United States",
            "name": "The Country Network (KZCZ-LD) College Station, TX",
            "tvgid": "The.Country.Network.(KZCZ-LD).College.Station,.TX.us"
        },
        {
            "country": "United States",
            "name": "ABC (WDAM-DT2) Laurel, MS",
            "tvgid": "ABC.(WDAM-DT2).Laurel,.MS.us"
        },
        {
            "country": "United States",
            "name": "ABC (WWAY) Wilmington, NC",
            "tvgid": "ABC.(WWAY).Wilmington,.NC.us"
        },
        {
            "country": "United States",
            "name": "NBC (KARE) Minneapolis, MN",
            "tvgid": "NBC.(KARE).Minneapolis,.MN.us"
        },
        {
            "country": "United States",
            "name": "CW (K24CT) Alamogordo, NM",
            "tvgid": "CW.(K24CT).Alamogordo,.NM.us"
        },
        {
            "country": "United States",
            "name": "MNT (WISC-DT2) Madison, WI",
            "tvgid": "MNT.(WISC-DT2).Madison,.WI.us"
        },
        {
            "country": "United States",
            "name": "UNI (KDTV-CD) Santa Rosa, CA",
            "tvgid": "UNI.(KDTV-CD).Santa.Rosa,.CA.us"
        },
        {
            "country": "United States",
            "name": "PBS (WHWC) Menomonie, WI",
            "tvgid": "PBS.(WHWC).Menomonie,.WI.us"
        },
        {
            "country": "United States",
            "name": "Kentucky Channel (WKZT-DT3) Elizabethtown, KY",
            "tvgid": "Kentucky.Channel.(WKZT-DT3).Elizabethtown,.KY.us"
        },
        {
            "country": "United States",
            "name": "MNT (KKTV-DT2) Colorado Springs, CO",
            "tvgid": "MNT.(KKTV-DT2).Colorado.Springs,.CO.us"
        },
        {
            "country": "United States",
            "name": "The Country Network (KZLL-LD) Joplin, MO",
            "tvgid": "The.Country.Network.(KZLL-LD).Joplin,.MO.us"
        },
        {
            "country": "United States",
            "name": "WKBJ-LD2 Live Oak, FL",
            "tvgid": "WKBJ-LD2.Live.Oak,.FL.us"
        },
        {
            "country": "United States",
            "name": "NBC (WKTD) Portsmouth, VA",
            "tvgid": "NBC.(WKTD).Portsmouth,.VA.us"
        },
        {
            "country": "United States",
            "name": "CW (KESQ-DT11) Palm Springs, CA",
            "tvgid": "CW.(KESQ-DT11).Palm.Springs,.CA.us"
        },
        {
            "country": "United States",
            "name": "TV Guide (KVHF-LD) Fresno, CA",
            "tvgid": "TV.Guide.(KVHF-LD).Fresno,.CA.us"
        },
        {
            "country": "United States",
            "name": "ABC (KGO) San Francisco, CA",
            "tvgid": "ABC.(KGO).San.Francisco,.CA.us"
        },
        {
            "country": "United States",
            "name": "FOX (KTBC) Austin, TX",
            "tvgid": "FOX.(KTBC).Austin,.TX.us"
        },
        {
            "country": "United States",
            "name": "NCW Life (KWCC-LD) Wenatchee, WA",
            "tvgid": "NCW.Life.(KWCC-LD).Wenatchee,.WA.us"
        },
        {
            "country": "United States",
            "name": "The Cowboy Channel (WSFG-DT2) Berry, AL",
            "tvgid": "The.Cowboy.Channel.(WSFG-DT2).Berry,.AL.us"
        },
        {
            "country": "United States",
            "name": "ABC (WTVA-DT2) Tupelo, MS",
            "tvgid": "ABC.(WTVA-DT2).Tupelo,.MS.us"
        },
        {
            "country": "United States",
            "name": "MNT (WMYT) Charlotte, NC",
            "tvgid": "MNT.(WMYT).Charlotte,.NC.us"
        },
        {
            "country": "United States",
            "name": "Fil Am TV (KIMG-LD3) Ventura, CA",
            "tvgid": "Fil.Am.TV.(KIMG-LD3).Ventura,.CA.us"
        },
        {
            "country": "United States",
            "name": "CBS (K21CC) Lewiston, ID",
            "tvgid": "CBS.(K21CC).Lewiston,.ID.us"
        },
        {
            "country": "United States",
            "name": "CBS (KXIP) Paris, TX",
            "tvgid": "CBS.(KXIP).Paris,.TX.us"
        },
        {
            "country": "United States",
            "name": "ABC (W10CP) Towanda, PA",
            "tvgid": "ABC.(W10CP).Towanda,.PA.us"
        },
        {
            "country": "United States",
            "name": "PBS (WUNJ-DT4) Wilmington, NC",
            "tvgid": "PBS.(WUNJ-DT4).Wilmington,.NC.us"
        },
        {
            "country": "United States",
            "name": "CBS (WIVB) Buffalo, NY",
            "tvgid": "CBS.(WIVB).Buffalo,.NY.us"
        },
        {
            "country": "United States",
            "name": "Azteca (KTDF-LP) San Antonio, TX",
            "tvgid": "Azteca.(KTDF-LP).San.Antonio,.TX.us"
        },
        {
            "country": "United States",
            "name": "Azteca (WYAM-DT2) Huntsville, AL",
            "tvgid": "Azteca.(WYAM-DT2).Huntsville,.AL.us"
        },
        {
            "country": "United States",
            "name": "ABC (KOMO) Seattle, WA",
            "tvgid": "ABC.(KOMO).Seattle,.WA.us"
        },
        {
            "country": "United States",
            "name": "FOX (WFTX) Cape Coral, FL",
            "tvgid": "FOX.(WFTX).Cape.Coral,.FL.us"
        },
        {
            "country": "United States",
            "name": "CW (KHON-DT2) Honolulu, HI",
            "tvgid": "CW.(KHON-DT2).Honolulu,.HI.us"
        },
        {
            "country": "United States",
            "name": "PBS (KTSC) Pueblo, CO",
            "tvgid": "PBS.(KTSC).Pueblo,.CO.us"
        },
        {
            "country": "United States",
            "name": "BYU (K18DN-D2) Kanab, Utah",
            "tvgid": "BYU.(K18DN-D2).Kanab,.Utah.us"
        },
        {
            "country": "United States",
            "name": "PBS (K34IN-D) Beaver, OK",
            "tvgid": "PBS.(K34IN-D).Beaver,.OK.us"
        },
        {
            "country": "United States",
            "name": "FOX (KEQI) Dededo, Guam",
            "tvgid": "FOX.(KEQI).Dededo,.Guam.us"
        },
        {
            "country": "United States",
            "name": "ABC (WDIO) Duluth, MN",
            "tvgid": "ABC.(WDIO).Duluth,.MN.us"
        },
        {
            "country": "United States",
            "name": "Jewelry TV (WALE-LD4) Montgomery, AL",
            "tvgid": "Jewelry.TV.(WALE-LD4).Montgomery,.AL.us"
        },
        {
            "country": "United States",
            "name": "Florida (WDSC-DT2) Daytona Beach, FL",
            "tvgid": "Florida.(WDSC-DT2).Daytona.Beach,.FL.us"
        },
        {
            "country": "United States",
            "name": "V-Me (WFYI-DT2) Indianapolis, IN",
            "tvgid": "V-Me.(WFYI-DT2).Indianapolis,.IN.us"
        },
        {
            "country": "United States",
            "name": "WeatherNation (KCKS-DT6) Kansas City",
            "tvgid": "WeatherNation.(KCKS-DT6).Kansas.City.us"
        },
        {
            "country": "United States",
            "name": "ABC (KSGW) Sheridan, WY",
            "tvgid": "ABC.(KSGW).Sheridan,.WY.us"
        },
        {
            "country": "United States",
            "name": "PBS (K47DG-D) Eureka",
            "tvgid": "PBS.(K47DG-D).Eureka.us"
        },
        {
            "country": "United States",
            "name": "CW (KNVA) Austin, TX",
            "tvgid": "CW.(KNVA).Austin,.TX.us"
        },
        {
            "country": "United States",
            "name": "CW (WLVI) Boston, MA",
            "tvgid": "CW.(WLVI).Boston,.MA.us"
        },
        {
            "country": "United States",
            "name": "TCT (WDWO-CA) Detroit, MI",
            "tvgid": "TCT.(WDWO-CA).Detroit,.MI.us"
        },
        {
            "country": "United States",
            "name": "MN Channel (KDSE3) Dickinson, ND",
            "tvgid": "MN.Channel.(KDSE3).Dickinson,.ND.us"
        },
        {
            "country": "United States",
            "name": "PBS (KTSD) Pierre, SD",
            "tvgid": "PBS.(KTSD).Pierre,.SD.us"
        },
        {
            "country": "United States",
            "name": "CW (KHPX-CD) Georgetown, TX",
            "tvgid": "CW.(KHPX-CD).Georgetown,.TX.us"
        },
        {
            "country": "United States",
            "name": "ABC (WBKO) Bowling Green, KY",
            "tvgid": "ABC.(WBKO).Bowling.Green,.KY.us"
        },
        {
            "country": "United States",
            "name": "PBS (WUNL-DT4) Winston-Salem, NC",
            "tvgid": "PBS.(WUNL-DT4).Winston-Salem,.NC.us"
        },
        {
            "country": "United States",
            "name": "ABC (WMUR) Manchester, NH",
            "tvgid": "ABC.(WMUR).Manchester,.NH.us"
        },
        {
            "country": "United States",
            "name": "PBS Plus (KIPT-DT2) Idaho Falls, ID",
            "tvgid": "PBS.Plus.(KIPT-DT2).Idaho.Falls,.ID.us"
        },
        {
            "country": "United States",
            "name": "PBS (K23FC-D) Elko, NV",
            "tvgid": "PBS.(K23FC-D).Elko,.NV.us"
        },
        {
            "country": "United States",
            "name": "TCT (WTCT) Marion, IL",
            "tvgid": "TCT.(WTCT).Marion,.IL.us"
        },
        {
            "country": "United States",
            "name": "QVC2 (WFEF-LD6) Ocala, FL",
            "tvgid": "QVC2.(WFEF-LD6).Ocala,.FL.us"
        },
        {
            "country": "United States",
            "name": "Telemundo (KTRE-DT2) Lufkin, TX",
            "tvgid": "Telemundo.(KTRE-DT2).Lufkin,.TX.us"
        },
        {
            "country": "United States",
            "name": "TCT (KDMI) Des Moines, IA HD",
            "tvgid": "TCT.(KDMI).Des.Moines,.IA.HD.us"
        },
        {
            "country": "United States",
            "name": "ABC (KHGI) Kearney, NE",
            "tvgid": "ABC.(KHGI).Kearney,.NE.us"
        },
        {
            "country": "United States",
            "name": "PBS Plus (WEDU-DT4) Tampa, FL",
            "tvgid": "PBS.Plus.(WEDU-DT4).Tampa,.FL.us"
        }
]